{"cameraMode":{"drawMode":0,"name":"Shaded","section":"Shading Mode"},"sceneLighting":true,"audioPlay":false,"sceneViewState":{"showFog":true,"showMaterialUpdate":false,"showSkybox":true,"showFlares":true,"showImageEffects":true,"showParticleSystems":true},"in2DMode":false,"pivot":{"x":-1.4328041076660157,"y":-45.71166229248047,"z":-53.438411712646487},"rotation":{"x":0.16113656759262086,"y":0.7925958037376404,"z":-0.23739488422870637,"w":0.538070023059845},"size":22.237302780151368,"orthographic":false}