{"cameraMode":{"drawMode":0,"name":"Shaded","section":"Shading Mode"},"sceneLighting":true,"audioPlay":false,"sceneViewState":{"showFog":true,"showMaterialUpdate":false,"showSkybox":true,"showFlares":true,"showImageEffects":true,"showParticleSystems":true},"in2DMode":false,"pivot":{"x":-8.600299835205079,"y":-43.000370025634769,"z":-61.31936264038086},"rotation":{"x":0.06886928528547287,"y":0.9111279249191284,"z":-0.17004206776618958,"w":0.36910414695739748},"size":13.918567657470704,"orthographic":false}