{"cameraMode":{"drawMode":0,"name":"Shaded","section":"Shading Mode"},"sceneLighting":false,"audioPlay":false,"sceneViewState":{"showFog":true,"showMaterialUpdate":false,"showSkybox":false,"showFlares":true,"showImageEffects":true,"showParticleSystems":true},"in2DMode":false,"pivot":{"x":29.110000610351564,"y":-32.64332580566406,"z":-38.09000015258789},"rotation":{"x":0.032973673194646838,"y":0.2954743504524231,"z":-0.010145808570086956,"w":0.9549142122268677},"size":1.3026609420776368,"orthographic":false}